Value 1,Result
51,7.14142842854285
972,31.176914536239792
570,23.874672772626646
881,29.68164415931166
540,23.2379000772445
368,19.183326093250876
17,4.123105625617661
245,15.652475842498529
90,9.486832980505138
732,27.055498516937366