Value 1,Value 2,Result
456,124,0.2719298
791,949,1.19974715
932,226,0.24248927
522,103,0.1973180
532,768,1.4436090
119,358,3.00840336
922,574,0.62255965
774,626,0.8087855
333,123,0.36936936
198,386,1.9494949
